{
    "transform": [
        [
            0.9435413479804993,
            -0.3288005590438843,
            -0.04024776443839073,
            0.0895087718963623
        ],
        [
            -0.04024776443839073,
            -0.23439262807369232,
            0.9713085293769836,
            -0.1019754707813263
        ],
        [
            -0.3288005590438843,
            -0.9148498773574829,
            -0.23439262807369232,
            0.09793557226657867
        ]
    ],
    "scale": 0.1713132738967555
}